path,size_bytes
01_GEE_predictor_extraction/Code_S1_Landsat_predictors.js,27256
01_GEE_predictor_extraction/Code_S2_MODIS_predictors.js,21653
01_GEE_predictor_extraction/README.md,1292
02_model_scenario_validation/README.md,2263
02_model_scenario_validation/model_fit/feature_groups_MS.R,11186
02_model_scenario_validation/model_fit/nested_core_MS.R,7598
02_model_scenario_validation/model_fit/run_group_source_split.sh,700
02_model_scenario_validation/model_fit/run_nested_MS.R,7071
02_model_scenario_validation/postprocess/Check_postprocess_inputs.R,3598
02_model_scenario_validation/postprocess/Compute_fig23_stats.R,23296
02_model_scenario_validation/postprocess/Make_consolidated_Table_S1.R,32171
02_model_scenario_validation/run_postprocess_submission.sh,774
03_final_RFM_QM_annual_mapping/01_fit_final_RFM_and_QM.R,19051
03_final_RFM_QM_annual_mapping/03_predict_annual_30m_maps.R,8184
03_final_RFM_QM_annual_mapping/README.md,1901
04_multiscale_Moran_block_diagnostics/README.md,2496
04_multiscale_Moran_block_diagnostics/config/moran.env.example,1299
04_multiscale_Moran_block_diagnostics/requirements.txt,49
04_multiscale_Moran_block_diagnostics/run_multiscale_moran_only_dual_periods.sh,30994
04_multiscale_Moran_block_diagnostics/spatial_autocorrelation.py,72426
04_multiscale_Moran_block_diagnostics/spatial_block_bootstrap.py,19898
05_state_trajectory_1km/01_compute_state_trajectory_1km.R,62215
05_state_trajectory_1km/02_area_shares_CI.R,6068
05_state_trajectory_1km/03_cross_metric_contrasts_CI.R,6315
05_state_trajectory_1km/04_RF_threshold_sensitivity.R,8211
05_state_trajectory_1km/05_relative_bias_sensitivity.R,11428
05_state_trajectory_1km/06_cross_metric_agreement_TableS11.R,2034
05_state_trajectory_1km/07_build_publication_data.R,12055
05_state_trajectory_1km/README.md,874
05_state_trajectory_1km/config.env.example,718
05_state_trajectory_1km/run_all_submission.sh,990
05_state_trajectory_1km/selftest.R,4066
05_state_trajectory_1km/v12_posthoc_utils.R,26589
05_state_trajectory_1km/v9_parallel_utils.R,7099
05_state_trajectory_1km/v9_trend_package_utils.R,18604
05_state_trajectory_1km/validate_outputs.R,9159
05_state_trajectory_1km/validate_setup.R,10885
06_biodiversity_potential_QRF/README.md,1926
06_biodiversity_potential_QRF/SOURCE_PROVENANCE.csv,1352
06_biodiversity_potential_QRF/config.env.example,165
06_biodiversity_potential_QRF/export_static_q95.R,2948
06_biodiversity_potential_QRF/oldage_validation_and_aoa_coverage.R,32715
06_biodiversity_potential_QRF/predict_age_sensitivity.R,111263
06_biodiversity_potential_QRF/run_potential_workflow.R,8295
06_biodiversity_potential_QRF/run_prediction_3steps.bat,295
06_biodiversity_potential_QRF/run_prediction_3steps.sh,162
06_biodiversity_potential_QRF/tune_qrf_params.R,43302
07_break_year_analysis/README.md,3859
07_break_year_analysis/SOURCE_PROVENANCE.csv,32320
07_break_year_analysis/config/fem_break_year.yml,4306
07_break_year_analysis/method_profile.R,2790
07_break_year_analysis/run_break_year.R,6254
07_break_year_analysis/upstream/break_year_v5_6_2/00_run_all.R,511
07_break_year_analysis/upstream/break_year_v5_6_2/01_run_primary.R,505
07_break_year_analysis/upstream/break_year_v5_6_2/02_run_sensitivity.R,513
07_break_year_analysis/upstream/break_year_v5_6_2/03_run_uncertainty.R,513
07_break_year_analysis/upstream/break_year_v5_6_2/04_run_spatial.R,505
07_break_year_analysis/upstream/break_year_v5_6_2/05_build_tables.R,503
07_break_year_analysis/upstream/break_year_v5_6_2/07_run_validation.R,627
07_break_year_analysis/upstream/break_year_v5_6_2/08_run_synthetic_e2e.R,725
07_break_year_analysis/upstream/break_year_v5_6_2/09_run_real_subset_audit.R,678
07_break_year_analysis/upstream/break_year_v5_6_2/10_run_rho_stress_gate.R,871
07_break_year_analysis/upstream/break_year_v5_6_2/11_review_rho_stress_gate.R,894
07_break_year_analysis/upstream/break_year_v5_6_2/R/aggregation.R,6163
07_break_year_analysis/upstream/break_year_v5_6_2/R/ar1_calibration.R,6696
07_break_year_analysis/upstream/break_year_v5_6_2/R/bootstrap_pixel.R,8950
07_break_year_analysis/upstream/break_year_v5_6_2/R/bootstrap_trajectory.R,2630
07_break_year_analysis/upstream/break_year_v5_6_2/R/core_break.R,5469
07_break_year_analysis/upstream/break_year_v5_6_2/R/fdr_discrete.R,3194
07_break_year_analysis/upstream/break_year_v5_6_2/R/io.R,3162
07_break_year_analysis/upstream/break_year_v5_6_2/R/load_all.R,510
07_break_year_analysis/upstream/break_year_v5_6_2/R/parallel_runtime.R,4812
07_break_year_analysis/upstream/break_year_v5_6_2/R/pipeline.R,5329
07_break_year_analysis/upstream/break_year_v5_6_2/R/provenance.R,1435
07_break_year_analysis/upstream/break_year_v5_6_2/R/qa_report.R,2707
07_break_year_analysis/upstream/break_year_v5_6_2/R/raster_pipeline.R,11395
07_break_year_analysis/upstream/break_year_v5_6_2/R/rho_estimation.R,9549
07_break_year_analysis/upstream/break_year_v5_6_2/R/sensitivity.R,6325
07_break_year_analysis/upstream/break_year_v5_6_2/R/spatial_validation.R,10606
07_break_year_analysis/upstream/break_year_v5_6_2/R/synthetic_data.R,9970
07_break_year_analysis/upstream/break_year_v5_6_2/R/tables.R,4291
07_break_year_analysis/upstream/break_year_v5_6_2/R/utils.R,16255
07_break_year_analysis/upstream/break_year_v5_6_2/README.md,2786
07_break_year_analysis/upstream/break_year_v5_6_2/REAL_DATA_SUBSET_AUDIT_GUIDE.md,3798
07_break_year_analysis/upstream/break_year_v5_6_2/VERSION.txt,105
07_break_year_analysis/upstream/break_year_v5_6_2/config/v5_6.yml,4139
07_break_year_analysis/upstream/break_year_v5_6_2/config/v5_6_synthetic.yml,3502
07_break_year_analysis/upstream/break_year_v5_6_2/validation/bootstrap_coverage.R,1805
07_break_year_analysis/upstream/break_year_v5_6_2/validation/generate_synthetic_data.R,789
07_break_year_analysis/upstream/break_year_v5_6_2/validation/generate_synthetic_data.py,7716
07_break_year_analysis/upstream/break_year_v5_6_2/validation/parallel_reproducibility.R,3859
07_break_year_analysis/upstream/break_year_v5_6_2/validation/python_reference_checks.py,2338
07_break_year_analysis/upstream/break_year_v5_6_2/validation/real_data_subset_audit.R,39639
07_break_year_analysis/upstream/break_year_v5_6_2/validation/real_data_subset_spec.yml,1502
07_break_year_analysis/upstream/break_year_v5_6_2/validation/region_metadata_tests.R,1602
07_break_year_analysis/upstream/break_year_v5_6_2/validation/rho_stress_gate.R,23544
07_break_year_analysis/upstream/break_year_v5_6_2/validation/risk_register.csv,4582
07_break_year_analysis/upstream/break_year_v5_6_2/validation/run_all_tests.R,1325
07_break_year_analysis/upstream/break_year_v5_6_2/validation/simulation_null.R,874
07_break_year_analysis/upstream/break_year_v5_6_2/validation/simulation_power.R,1199
07_break_year_analysis/upstream/break_year_v5_6_2/validation/smoke_test.R,709
07_break_year_analysis/upstream/break_year_v5_6_2/validation/static_audit.py,8395
07_break_year_analysis/upstream/break_year_v5_6_2/validation/synthetic_data/SR/synthetic_SR_2001_1km.tif,4690
07_break_year_analysis/upstream/break_year_v5_6_2/validation/synthetic_data/SR/synthetic_SR_2002_1km.tif,4687
07_break_year_analysis/upstream/break_year_v5_6_2/validation/synthetic_data/SR/synthetic_SR_2003_1km.tif,4686
07_break_year_analysis/upstream/break_year_v5_6_2/validation/synthetic_data/SR/synthetic_SR_2004_1km.tif,4681
07_break_year_analysis/upstream/break_year_v5_6_2/validation/synthetic_data/SR/synthetic_SR_2005_1km.tif,4682
07_break_year_analysis/upstream/break_year_v5_6_2/validation/synthetic_data/SR/synthetic_SR_2006_1km.tif,4673
07_break_year_analysis/upstream/break_year_v5_6_2/validation/synthetic_data/SR/synthetic_SR_2007_1km.tif,4670
07_break_year_analysis/upstream/break_year_v5_6_2/validation/synthetic_data/SR/synthetic_SR_2008_1km.tif,4668
07_break_year_analysis/upstream/break_year_v5_6_2/validation/synthetic_data/SR/synthetic_SR_2009_1km.tif,4674
07_break_year_analysis/upstream/break_year_v5_6_2/validation/synthetic_data/SR/synthetic_SR_2010_1km.tif,4595
07_break_year_analysis/upstream/break_year_v5_6_2/validation/synthetic_data/SR/synthetic_SR_2011_1km.tif,4666
07_break_year_analysis/upstream/break_year_v5_6_2/validation/synthetic_data/SR/synthetic_SR_2012_1km.tif,4669
07_break_year_analysis/upstream/break_year_v5_6_2/validation/synthetic_data/SR/synthetic_SR_2013_1km.tif,4683
07_break_year_analysis/upstream/break_year_v5_6_2/validation/synthetic_data/SR/synthetic_SR_2014_1km.tif,4688
07_break_year_analysis/upstream/break_year_v5_6_2/validation/synthetic_data/SR/synthetic_SR_2015_1km.tif,4692
07_break_year_analysis/upstream/break_year_v5_6_2/validation/synthetic_data/SR/synthetic_SR_2016_1km.tif,4698
07_break_year_analysis/upstream/break_year_v5_6_2/validation/synthetic_data/SR/synthetic_SR_2017_1km.tif,4693
07_break_year_analysis/upstream/break_year_v5_6_2/validation/synthetic_data/SR/synthetic_SR_2018_1km.tif,4695
07_break_year_analysis/upstream/break_year_v5_6_2/validation/synthetic_data/SR/synthetic_SR_2019_1km.tif,4712
07_break_year_analysis/upstream/break_year_v5_6_2/validation/synthetic_data/SR/synthetic_SR_2020_1km.tif,4706
07_break_year_analysis/upstream/break_year_v5_6_2/validation/synthetic_data/Shannon/synthetic_Shannon_2001_1km.tif,4707
07_break_year_analysis/upstream/break_year_v5_6_2/validation/synthetic_data/Shannon/synthetic_Shannon_2002_1km.tif,4699
07_break_year_analysis/upstream/break_year_v5_6_2/validation/synthetic_data/Shannon/synthetic_Shannon_2003_1km.tif,4683
07_break_year_analysis/upstream/break_year_v5_6_2/validation/synthetic_data/Shannon/synthetic_Shannon_2004_1km.tif,4691
07_break_year_analysis/upstream/break_year_v5_6_2/validation/synthetic_data/Shannon/synthetic_Shannon_2005_1km.tif,4688
07_break_year_analysis/upstream/break_year_v5_6_2/validation/synthetic_data/Shannon/synthetic_Shannon_2006_1km.tif,4691
07_break_year_analysis/upstream/break_year_v5_6_2/validation/synthetic_data/Shannon/synthetic_Shannon_2007_1km.tif,4694
07_break_year_analysis/upstream/break_year_v5_6_2/validation/synthetic_data/Shannon/synthetic_Shannon_2008_1km.tif,4685
07_break_year_analysis/upstream/break_year_v5_6_2/validation/synthetic_data/Shannon/synthetic_Shannon_2009_1km.tif,4678
07_break_year_analysis/upstream/break_year_v5_6_2/validation/synthetic_data/Shannon/synthetic_Shannon_2010_1km.tif,4621
07_break_year_analysis/upstream/break_year_v5_6_2/validation/synthetic_data/Shannon/synthetic_Shannon_2011_1km.tif,4690
07_break_year_analysis/upstream/break_year_v5_6_2/validation/synthetic_data/Shannon/synthetic_Shannon_2012_1km.tif,4696
07_break_year_analysis/upstream/break_year_v5_6_2/validation/synthetic_data/Shannon/synthetic_Shannon_2013_1km.tif,4695
07_break_year_analysis/upstream/break_year_v5_6_2/validation/synthetic_data/Shannon/synthetic_Shannon_2014_1km.tif,4713
07_break_year_analysis/upstream/break_year_v5_6_2/validation/synthetic_data/Shannon/synthetic_Shannon_2015_1km.tif,4700
07_break_year_analysis/upstream/break_year_v5_6_2/validation/synthetic_data/Shannon/synthetic_Shannon_2016_1km.tif,4717
07_break_year_analysis/upstream/break_year_v5_6_2/validation/synthetic_data/Shannon/synthetic_Shannon_2017_1km.tif,4709
07_break_year_analysis/upstream/break_year_v5_6_2/validation/synthetic_data/Shannon/synthetic_Shannon_2018_1km.tif,4709
07_break_year_analysis/upstream/break_year_v5_6_2/validation/synthetic_data/Shannon/synthetic_Shannon_2019_1km.tif,4704
07_break_year_analysis/upstream/break_year_v5_6_2/validation/synthetic_data/Shannon/synthetic_Shannon_2020_1km.tif,4715
07_break_year_analysis/upstream/break_year_v5_6_2/validation/synthetic_data/regions/synthetic_regions.cpg,5
07_break_year_analysis/upstream/break_year_v5_6_2/validation/synthetic_data/regions/synthetic_regions.dbf,494
07_break_year_analysis/upstream/break_year_v5_6_2/validation/synthetic_data/regions/synthetic_regions.prj,425
07_break_year_analysis/upstream/break_year_v5_6_2/validation/synthetic_data/regions/synthetic_regions.shp,644
07_break_year_analysis/upstream/break_year_v5_6_2/validation/synthetic_data/regions/synthetic_regions.shx,132
07_break_year_analysis/upstream/break_year_v5_6_2/validation/synthetic_data/synthetic_classes.csv,517
07_break_year_analysis/upstream/break_year_v5_6_2/validation/synthetic_data/synthetic_manifest.csv,4835
07_break_year_analysis/upstream/break_year_v5_6_2/validation/synthetic_data/synthetic_metadata.json,518
07_break_year_analysis/upstream/break_year_v5_6_2/validation/synthetic_data/synthetic_region_id.tif,409
07_break_year_analysis/upstream/break_year_v5_6_2/validation/synthetic_data/synthetic_spec_resolved.yml,2630
07_break_year_analysis/upstream/break_year_v5_6_2/validation/synthetic_data/synthetic_truth.csv,37142
07_break_year_analysis/upstream/break_year_v5_6_2/validation/synthetic_data/synthetic_truth_class.tif,454
07_break_year_analysis/upstream/break_year_v5_6_2/validation/synthetic_e2e.R,9142
07_break_year_analysis/upstream/break_year_v5_6_2/validation/synthetic_reference_test.py,10520
07_break_year_analysis/upstream/break_year_v5_6_2/validation/synthetic_spec.yml,2630
07_break_year_analysis/upstream/break_year_v5_6_2/validation/unit_tests.R,4789
07_break_year_analysis/upstream/break_year_v5_6_2/validation/warning_regression.R,2172
08_OOD_and_regional_summaries/README.md,1935
08_OOD_and_regional_summaries/REGION_CODES.csv,199
08_OOD_and_regional_summaries/annual_manifest.example.csv,358
08_OOD_and_regional_summaries/core_MS.R,6197
08_OOD_and_regional_summaries/run_OOD_prepare_1km.R,7925
08_OOD_and_regional_summaries/run_regional_30m.R,9762
CITATION.cff,440
DEPENDENCIES.md,1582
IMPLEMENTATION_CHOICES.md,9168
PACKAGE_INFO.json,2411
R/input_contracts.R,2108
R/oof_contracts.R,3698
R/qm_core.R,1760
R/qrf_contracts.R,2365
README.md,24065
SOURCE_SPECIFICATION.json,1393
UPDATE_NOTES.md,3840
VERSION,6
scripts/check_R_syntax.R,758
scripts/check_environment.R,1466
scripts/quick_check_suites.csv,62
scripts/release_validation.R,804
scripts/run_MS_validation.R,4297
scripts/validate_release.py,9345
