source_archive_member,packaged_path,source_sha256,packaged_sha256,status
break_year_v5_6_2/00_run_all.R,07_break_year_analysis/upstream/break_year_v5_6_2/00_run_all.R,97b3c83a051c2bc4f0cca4649ca38021fcfd2c4e1bb117655c2d980230a4d4aa,97b3c83a051c2bc4f0cca4649ca38021fcfd2c4e1bb117655c2d980230a4d4aa,unchanged
break_year_v5_6_2/01_run_primary.R,07_break_year_analysis/upstream/break_year_v5_6_2/01_run_primary.R,30d7e1b82813e7f496c33307e8a8439033f925256ae6e07233761cfe6711408b,30d7e1b82813e7f496c33307e8a8439033f925256ae6e07233761cfe6711408b,unchanged
break_year_v5_6_2/02_run_sensitivity.R,07_break_year_analysis/upstream/break_year_v5_6_2/02_run_sensitivity.R,b59e6a9b6e365bccdc5004ec3f290a015f70452762ce47f5f9fcea9fdf217bd2,b59e6a9b6e365bccdc5004ec3f290a015f70452762ce47f5f9fcea9fdf217bd2,unchanged
break_year_v5_6_2/03_run_uncertainty.R,07_break_year_analysis/upstream/break_year_v5_6_2/03_run_uncertainty.R,ed96223f6354fae71dde8da60fda5e01c0429554559fcad1d6aad020f37d1c30,ed96223f6354fae71dde8da60fda5e01c0429554559fcad1d6aad020f37d1c30,unchanged
break_year_v5_6_2/04_run_spatial.R,07_break_year_analysis/upstream/break_year_v5_6_2/04_run_spatial.R,587da927e3826a854bc43e9aa06baf12ec5798f203cdea922e2ea42e362f784d,587da927e3826a854bc43e9aa06baf12ec5798f203cdea922e2ea42e362f784d,unchanged
break_year_v5_6_2/05_build_tables.R,07_break_year_analysis/upstream/break_year_v5_6_2/05_build_tables.R,1a1fcfbf64d32b0445531769019cbd83ed76f7cdcbf25368f05cff8045b909ea,1a1fcfbf64d32b0445531769019cbd83ed76f7cdcbf25368f05cff8045b909ea,unchanged
break_year_v5_6_2/07_run_validation.R,07_break_year_analysis/upstream/break_year_v5_6_2/07_run_validation.R,fa867729194a67cdd752eeb7bff582b56ecf27ecab2b8f6a37d040fdd41da053,fa867729194a67cdd752eeb7bff582b56ecf27ecab2b8f6a37d040fdd41da053,unchanged
break_year_v5_6_2/08_run_synthetic_e2e.R,07_break_year_analysis/upstream/break_year_v5_6_2/08_run_synthetic_e2e.R,48661f5a265f1d57088b4b64c9e5908dcacbab1c147e3a80bdb7e2b13488f7a3,48661f5a265f1d57088b4b64c9e5908dcacbab1c147e3a80bdb7e2b13488f7a3,unchanged
break_year_v5_6_2/09_run_real_subset_audit.R,07_break_year_analysis/upstream/break_year_v5_6_2/09_run_real_subset_audit.R,1c0a11ec5d1a3be0c86232f10bff4915eed0b63f0fa0e8e83e5c23dc71dd381a,1c0a11ec5d1a3be0c86232f10bff4915eed0b63f0fa0e8e83e5c23dc71dd381a,unchanged
break_year_v5_6_2/10_run_rho_stress_gate.R,07_break_year_analysis/upstream/break_year_v5_6_2/10_run_rho_stress_gate.R,9d70edee016cbb50957d663e34082b81714c4390590794d37e63b29bb868e3b9,3f7ca860c53872bc7563764130bc109f7c419e09c130c14fe5584b843d313288,modified: FEM 1.6.9 analysis-only packaging; historical workflow or metadata cleanup
break_year_v5_6_2/11_review_rho_stress_gate.R,07_break_year_analysis/upstream/break_year_v5_6_2/11_review_rho_stress_gate.R,d8055a458093ab6587206c5cb8162cb89874d69036a124735a0fe82452ce5a16,c1479b20b512ecf8044fa2bf96cb824bea74d0d2bbc2aa2a0a3d73527e0e90b3,modified: FEM 1.6.9 analysis-only packaging; historical workflow or metadata cleanup
break_year_v5_6_2/R/aggregation.R,07_break_year_analysis/upstream/break_year_v5_6_2/R/aggregation.R,815403a3f0266a52765c7d1a584a0746ba960385432ec728115647b1b5ac2174,815403a3f0266a52765c7d1a584a0746ba960385432ec728115647b1b5ac2174,unchanged
break_year_v5_6_2/R/ar1_calibration.R,07_break_year_analysis/upstream/break_year_v5_6_2/R/ar1_calibration.R,c1a6f5160bf97f1d88acbebc01ba7d07455686d52c32398150d66409d9b0aa32,c1a6f5160bf97f1d88acbebc01ba7d07455686d52c32398150d66409d9b0aa32,unchanged
break_year_v5_6_2/R/bootstrap_pixel.R,07_break_year_analysis/upstream/break_year_v5_6_2/R/bootstrap_pixel.R,4b514c8a1dd78e18ccce6e41bcbdc8f91fe18b8176e24918f18738b1eae231c6,4b514c8a1dd78e18ccce6e41bcbdc8f91fe18b8176e24918f18738b1eae231c6,unchanged
break_year_v5_6_2/R/bootstrap_trajectory.R,07_break_year_analysis/upstream/break_year_v5_6_2/R/bootstrap_trajectory.R,4d4684a7dbacea179fc47b2a26c8566b691a5a9a85036ff3ed64632692f7b64b,4d4684a7dbacea179fc47b2a26c8566b691a5a9a85036ff3ed64632692f7b64b,unchanged
break_year_v5_6_2/R/core_break.R,07_break_year_analysis/upstream/break_year_v5_6_2/R/core_break.R,1c7d88b29b8330511d9356bc44b208dd6978a584c57b766a5706c975023f8214,1c7d88b29b8330511d9356bc44b208dd6978a584c57b766a5706c975023f8214,unchanged
break_year_v5_6_2/R/fdr_discrete.R,07_break_year_analysis/upstream/break_year_v5_6_2/R/fdr_discrete.R,2b0dc40a2d3ecfddeb2017af44d38bb08e7900f12459c2de24166a740c8a0573,2b0dc40a2d3ecfddeb2017af44d38bb08e7900f12459c2de24166a740c8a0573,unchanged
break_year_v5_6_2/R/io.R,07_break_year_analysis/upstream/break_year_v5_6_2/R/io.R,ebe7cf8f137d18509c6fda86842472a93a73f26c55a4cd1497f7e454bf91505e,ebe7cf8f137d18509c6fda86842472a93a73f26c55a4cd1497f7e454bf91505e,unchanged
break_year_v5_6_2/R/load_all.R,07_break_year_analysis/upstream/break_year_v5_6_2/R/load_all.R,4e70665949e3aa5bbcd1863de0ab698423e220b68685c0f92c5ac4fa44257355,ccb4beae58c67b53ae768469a5350e6d2a558357e941d3a6212c8702689db7e6,modified_for_figure_free_release
break_year_v5_6_2/R/parallel_runtime.R,07_break_year_analysis/upstream/break_year_v5_6_2/R/parallel_runtime.R,479adfeb8e9f2a7e26f079ee5c423294aea8930391cf4242d279a905feb1e983,479adfeb8e9f2a7e26f079ee5c423294aea8930391cf4242d279a905feb1e983,unchanged
break_year_v5_6_2/R/pipeline.R,07_break_year_analysis/upstream/break_year_v5_6_2/R/pipeline.R,c13806bfc63cf12020b261c81ab4d759882c52b11e141f80807cfb6f9b6cf28a,f029d5f710b2ebfbe911363b5fc7d290bd88cfa7b418d3ac4d6abd68b9ccdf0b,modified: FEM 1.6.9 analysis-only packaging; historical workflow or metadata cleanup
break_year_v5_6_2/R/provenance.R,07_break_year_analysis/upstream/break_year_v5_6_2/R/provenance.R,0159006b3830c2d290d1bbe1b180c5339e798f14cf5104b59e1ad2a91f77005d,15d3c5748567853cc69158835c75b78d17b22190711897dd1da36c6d6a4957f8,modified: FEM 1.6.9 analysis-only packaging; historical workflow or metadata cleanup
break_year_v5_6_2/R/qa_report.R,07_break_year_analysis/upstream/break_year_v5_6_2/R/qa_report.R,aafa159fd4a387c88b792ab479f2d5f03f003960b47ce09603b121e5ec993b97,aafa159fd4a387c88b792ab479f2d5f03f003960b47ce09603b121e5ec993b97,unchanged
break_year_v5_6_2/R/raster_pipeline.R,07_break_year_analysis/upstream/break_year_v5_6_2/R/raster_pipeline.R,0040ecaff600b2ca6d1507ceeef80488250970da66c5b0aa7d15672c6029c1d7,0040ecaff600b2ca6d1507ceeef80488250970da66c5b0aa7d15672c6029c1d7,unchanged
break_year_v5_6_2/R/rho_estimation.R,07_break_year_analysis/upstream/break_year_v5_6_2/R/rho_estimation.R,cde656fcc479809c8923e86303db3c90b1d15d11e5e41b2922973c24ca758414,cde656fcc479809c8923e86303db3c90b1d15d11e5e41b2922973c24ca758414,unchanged
break_year_v5_6_2/R/sensitivity.R,07_break_year_analysis/upstream/break_year_v5_6_2/R/sensitivity.R,4d0f2e7d51877a5d96eb609fae945c59b658e0c1cbd655df4ae224f5ea137fa7,4d0f2e7d51877a5d96eb609fae945c59b658e0c1cbd655df4ae224f5ea137fa7,unchanged
break_year_v5_6_2/R/spatial_validation.R,07_break_year_analysis/upstream/break_year_v5_6_2/R/spatial_validation.R,47eecda20f18507a3e0ae48c0e468108c11f4738b71dba9a7aca9a77486447b0,47eecda20f18507a3e0ae48c0e468108c11f4738b71dba9a7aca9a77486447b0,unchanged
break_year_v5_6_2/R/synthetic_data.R,07_break_year_analysis/upstream/break_year_v5_6_2/R/synthetic_data.R,cce7dbfd6b7fc1091d43ac617a33da43e7551754e7532b469cbde2aecbcb1df1,cce7dbfd6b7fc1091d43ac617a33da43e7551754e7532b469cbde2aecbcb1df1,unchanged
break_year_v5_6_2/R/tables.R,07_break_year_analysis/upstream/break_year_v5_6_2/R/tables.R,620f0aee578487739a5a6adf205a5c49287c966be6d4d9b352ef49929cb5e16b,620f0aee578487739a5a6adf205a5c49287c966be6d4d9b352ef49929cb5e16b,unchanged
break_year_v5_6_2/R/utils.R,07_break_year_analysis/upstream/break_year_v5_6_2/R/utils.R,f38b26bb5e9ebaa3eb46b3584dc92aa1c54d8296c1626157f0b798ff729c221c,0e2f6e00eafce9ccd3260f4c391fc1b291448bea72e29fd265ab8244ce16de22,modified: FEM 1.6.9 analysis-only packaging; historical workflow or metadata cleanup
break_year_v5_6_2/README.md,07_break_year_analysis/upstream/break_year_v5_6_2/README.md,a967897fc9e45e2f769332d97b5d4e1613e26162a54eaef3a90f87f12c4f2add,b1f0a27eda72e0a3d3bc70bc37ae9a2ea3b52369d7937a369b2e35b2ee1e6ab3,modified: FEM 1.6.9 analysis-only packaging; historical workflow or metadata cleanup
break_year_v5_6_2/REAL_DATA_SUBSET_AUDIT_GUIDE.md,07_break_year_analysis/upstream/break_year_v5_6_2/REAL_DATA_SUBSET_AUDIT_GUIDE.md,c923388a95c54e945cc82316a7519bde4925e5d08a0668a8a5bbb6a3425aba67,322b421e81f000143224e55fa1f596577e6cbf2c4024c965bae354f3174ec930,modified: FEM 1.6.9 analysis-only packaging; historical workflow or metadata cleanup
break_year_v5_6_2/VERSION.txt,07_break_year_analysis/upstream/break_year_v5_6_2/VERSION.txt,4f71c6f7a0ce3a75dd3b5b02d420e6e0e323b695f27dc8081be9606c81e95544,8c42b8d3e6bef0f7b6d61eb3797bda996cc5b4d916542800e008f2f8a2f261f1,modified: FEM 1.6.9 analysis-only packaging; historical workflow or metadata cleanup
break_year_v5_6_2/config/v5_6.yml,07_break_year_analysis/upstream/break_year_v5_6_2/config/v5_6.yml,27ae6c177bea021be80018233859b1011e988b9dace84dee500e0312385fc3e6,f19e44f0ba2d09e96cd52d200eb76e223e322df037d086b085c57ca6278383ca,modified: FEM 1.6.9 analysis-only packaging; historical workflow or metadata cleanup
break_year_v5_6_2/config/v5_6_synthetic.yml,07_break_year_analysis/upstream/break_year_v5_6_2/config/v5_6_synthetic.yml,763dae6b12056ff40580c818743ac9d26cbee03b2e1e3949af34ee91905b5675,46fa56e9a32583b42f2e6e5c8ae8d578975f606d7d547b702cc886c07a23291d,modified: FEM 1.6.9 analysis-only packaging; historical workflow or metadata cleanup
break_year_v5_6_2/validation/bootstrap_coverage.R,07_break_year_analysis/upstream/break_year_v5_6_2/validation/bootstrap_coverage.R,cf77b8f275bf14af85449733010da93412ec678d002a47082f515c7ed34d31c0,cf77b8f275bf14af85449733010da93412ec678d002a47082f515c7ed34d31c0,unchanged
break_year_v5_6_2/validation/generate_synthetic_data.R,07_break_year_analysis/upstream/break_year_v5_6_2/validation/generate_synthetic_data.R,6983c721a7f3000799d722a8ade9d7a8b869b05e83242d9356bc2766e72ddc59,6983c721a7f3000799d722a8ade9d7a8b869b05e83242d9356bc2766e72ddc59,unchanged
break_year_v5_6_2/validation/generate_synthetic_data.py,07_break_year_analysis/upstream/break_year_v5_6_2/validation/generate_synthetic_data.py,7401dbd961d5e80a9877b8fb82d9d9719806c8beadd3b2848bae895fc706636a,7401dbd961d5e80a9877b8fb82d9d9719806c8beadd3b2848bae895fc706636a,unchanged
break_year_v5_6_2/validation/parallel_reproducibility.R,07_break_year_analysis/upstream/break_year_v5_6_2/validation/parallel_reproducibility.R,a2441b797b20e5a3be942291cd9f74ef73fac47970748409a590daf94262f565,a2441b797b20e5a3be942291cd9f74ef73fac47970748409a590daf94262f565,unchanged
break_year_v5_6_2/validation/python_reference_checks.py,07_break_year_analysis/upstream/break_year_v5_6_2/validation/python_reference_checks.py,c25cc90a7ee65b997d541478ab3700f59e7ec72147fbd7f0c8b69870aca9003c,c25cc90a7ee65b997d541478ab3700f59e7ec72147fbd7f0c8b69870aca9003c,unchanged
break_year_v5_6_2/validation/real_data_subset_audit.R,07_break_year_analysis/upstream/break_year_v5_6_2/validation/real_data_subset_audit.R,3908790a0af42c715dcd149b5dcc7db12aa3e8aeeea709e5764b22cdb36210d4,8c9937bb7c85ff2e03d85bc340c6296ff2f23c3e38dc08806cfe11bb7fc3a128,modified: FEM 1.6.9 analysis-only packaging; historical workflow or metadata cleanup
break_year_v5_6_2/validation/real_data_subset_spec.yml,07_break_year_analysis/upstream/break_year_v5_6_2/validation/real_data_subset_spec.yml,2059a05a289c854d60b078fef2e7a4f7c3c5b092125bca48d00b2155040cf204,5dd93b520951768ea49d1de7dd0fe36acd5ea5c3fce1b3ad3b8112623076ba9c,modified: FEM 1.6.9 analysis-only packaging; historical workflow or metadata cleanup
break_year_v5_6_2/validation/region_metadata_tests.R,07_break_year_analysis/upstream/break_year_v5_6_2/validation/region_metadata_tests.R,f2b842481636e9ece3ce8027a89e20427f48df369cf62bbc2497b510ab2c6b9b,f2b842481636e9ece3ce8027a89e20427f48df369cf62bbc2497b510ab2c6b9b,unchanged
break_year_v5_6_2/validation/rho_stress_gate.R,07_break_year_analysis/upstream/break_year_v5_6_2/validation/rho_stress_gate.R,78b943812618b5198ced80ddd03f4e285c5b69ca6feec31c635abfa35951591c,cfb57bee3337ac7d2ff8cdd7fce9efedd744b11c8ea5c438895d52b3d73a8ba4,modified: FEM 1.6.9 analysis-only packaging; historical workflow or metadata cleanup
break_year_v5_6_2/validation/risk_register.csv,07_break_year_analysis/upstream/break_year_v5_6_2/validation/risk_register.csv,7e633ff9e6e38e98549fb306d82a4b6c784872d7f7ecfdb3cec3fff44b31135e,3f7b4fec1a11d69fbe2aa35d6b9f0fa2c525be10a52e2d5f1a11c83ea0e56ca7,modified: FEM 1.6.9 analysis-only packaging; historical workflow or metadata cleanup
break_year_v5_6_2/validation/run_all_tests.R,07_break_year_analysis/upstream/break_year_v5_6_2/validation/run_all_tests.R,717daf1111596115c28a12f8aeb7a21e25de3e20f0a319d4b69c86c4bac01b84,717daf1111596115c28a12f8aeb7a21e25de3e20f0a319d4b69c86c4bac01b84,unchanged
break_year_v5_6_2/validation/simulation_null.R,07_break_year_analysis/upstream/break_year_v5_6_2/validation/simulation_null.R,c1ec88deb5d0c652548c3869c6988a3d3ffd609accb9a91c33d84a7ba32147c1,c1ec88deb5d0c652548c3869c6988a3d3ffd609accb9a91c33d84a7ba32147c1,unchanged
break_year_v5_6_2/validation/simulation_power.R,07_break_year_analysis/upstream/break_year_v5_6_2/validation/simulation_power.R,52a27b95b407363cea7fdb731c8a0ad3d225b2ca06c747b0106895798b2ccf8a,52a27b95b407363cea7fdb731c8a0ad3d225b2ca06c747b0106895798b2ccf8a,unchanged
break_year_v5_6_2/validation/smoke_test.R,07_break_year_analysis/upstream/break_year_v5_6_2/validation/smoke_test.R,d2ad382754882fdf4a59dfa3329e96e74db607880cd451a0f23b0782b96a6008,d2ad382754882fdf4a59dfa3329e96e74db607880cd451a0f23b0782b96a6008,unchanged
break_year_v5_6_2/validation/static_audit.py,07_break_year_analysis/upstream/break_year_v5_6_2/validation/static_audit.py,0eb402069d44af923f37ebb41843a9787f053531c29f8a6208a016ec649a52e2,39a5f94569b1925ce2cc3badbb22df14045329458b3bc32f9b5ff56fa17c6bf8,modified: FEM 1.6.9 analysis-only packaging; historical workflow or metadata cleanup
break_year_v5_6_2/validation/synthetic_data/SR/synthetic_SR_2001_1km.tif,07_break_year_analysis/upstream/break_year_v5_6_2/validation/synthetic_data/SR/synthetic_SR_2001_1km.tif,c2ddf44dacf69819e09e57a57e96e250941a654bcbb6e7d481d437801a5eaa57,c2ddf44dacf69819e09e57a57e96e250941a654bcbb6e7d481d437801a5eaa57,unchanged
break_year_v5_6_2/validation/synthetic_data/SR/synthetic_SR_2002_1km.tif,07_break_year_analysis/upstream/break_year_v5_6_2/validation/synthetic_data/SR/synthetic_SR_2002_1km.tif,20da2d6660f32749e58aed2c7e274f0d54a6fb44662ec5bdc7ed09dfff262851,20da2d6660f32749e58aed2c7e274f0d54a6fb44662ec5bdc7ed09dfff262851,unchanged
break_year_v5_6_2/validation/synthetic_data/SR/synthetic_SR_2003_1km.tif,07_break_year_analysis/upstream/break_year_v5_6_2/validation/synthetic_data/SR/synthetic_SR_2003_1km.tif,f42b02bb66cb60175864d9037f0c2024bb66458d329477b099c3a09fcdd4bcd1,f42b02bb66cb60175864d9037f0c2024bb66458d329477b099c3a09fcdd4bcd1,unchanged
break_year_v5_6_2/validation/synthetic_data/SR/synthetic_SR_2004_1km.tif,07_break_year_analysis/upstream/break_year_v5_6_2/validation/synthetic_data/SR/synthetic_SR_2004_1km.tif,f37356cd784d2df5c6efae518013a033ae1a2651476a284b7288606105be4c07,f37356cd784d2df5c6efae518013a033ae1a2651476a284b7288606105be4c07,unchanged
break_year_v5_6_2/validation/synthetic_data/SR/synthetic_SR_2005_1km.tif,07_break_year_analysis/upstream/break_year_v5_6_2/validation/synthetic_data/SR/synthetic_SR_2005_1km.tif,f944b462bc4542ccf18781c0af9e05e52176ea2205a7f6700cab3cbc7cc3ddd5,f944b462bc4542ccf18781c0af9e05e52176ea2205a7f6700cab3cbc7cc3ddd5,unchanged
break_year_v5_6_2/validation/synthetic_data/SR/synthetic_SR_2006_1km.tif,07_break_year_analysis/upstream/break_year_v5_6_2/validation/synthetic_data/SR/synthetic_SR_2006_1km.tif,42f18dc057ccb1b91427787aa13e585ae28fce03ce509aee238a6a8b3c1d94da,42f18dc057ccb1b91427787aa13e585ae28fce03ce509aee238a6a8b3c1d94da,unchanged
break_year_v5_6_2/validation/synthetic_data/SR/synthetic_SR_2007_1km.tif,07_break_year_analysis/upstream/break_year_v5_6_2/validation/synthetic_data/SR/synthetic_SR_2007_1km.tif,34234ff240373175197cc59ebb1e898f9202e3ceec4a10923ca555a5d2328d9a,34234ff240373175197cc59ebb1e898f9202e3ceec4a10923ca555a5d2328d9a,unchanged
break_year_v5_6_2/validation/synthetic_data/SR/synthetic_SR_2008_1km.tif,07_break_year_analysis/upstream/break_year_v5_6_2/validation/synthetic_data/SR/synthetic_SR_2008_1km.tif,1a4f8c5ca44f69046a8a13b0e67bf9286dc37a1d091a15fe109b650c6f5fd924,1a4f8c5ca44f69046a8a13b0e67bf9286dc37a1d091a15fe109b650c6f5fd924,unchanged
break_year_v5_6_2/validation/synthetic_data/SR/synthetic_SR_2009_1km.tif,07_break_year_analysis/upstream/break_year_v5_6_2/validation/synthetic_data/SR/synthetic_SR_2009_1km.tif,458b916c0a04e39ea4e6810a2e55bbc8d1113fd5ed3b181cc4c3dd88143cebca,458b916c0a04e39ea4e6810a2e55bbc8d1113fd5ed3b181cc4c3dd88143cebca,unchanged
break_year_v5_6_2/validation/synthetic_data/SR/synthetic_SR_2010_1km.tif,07_break_year_analysis/upstream/break_year_v5_6_2/validation/synthetic_data/SR/synthetic_SR_2010_1km.tif,1abc5636d75a9cd038b494f7a111667d189fc461ee9b282436a0a7a52c78e81b,1abc5636d75a9cd038b494f7a111667d189fc461ee9b282436a0a7a52c78e81b,unchanged
break_year_v5_6_2/validation/synthetic_data/SR/synthetic_SR_2011_1km.tif,07_break_year_analysis/upstream/break_year_v5_6_2/validation/synthetic_data/SR/synthetic_SR_2011_1km.tif,d3bc48508cff20369d654ecddf5f6c3f187af7a560912d62836f1dd607311362,d3bc48508cff20369d654ecddf5f6c3f187af7a560912d62836f1dd607311362,unchanged
break_year_v5_6_2/validation/synthetic_data/SR/synthetic_SR_2012_1km.tif,07_break_year_analysis/upstream/break_year_v5_6_2/validation/synthetic_data/SR/synthetic_SR_2012_1km.tif,2b69d05019b661c7dda96484df0f951ff0c09077ecdc8dea3355feff1839b7a2,2b69d05019b661c7dda96484df0f951ff0c09077ecdc8dea3355feff1839b7a2,unchanged
break_year_v5_6_2/validation/synthetic_data/SR/synthetic_SR_2013_1km.tif,07_break_year_analysis/upstream/break_year_v5_6_2/validation/synthetic_data/SR/synthetic_SR_2013_1km.tif,391cbe4d74e41fa450c7eadb122d98842457a7dc4e53672653154b5131355131,391cbe4d74e41fa450c7eadb122d98842457a7dc4e53672653154b5131355131,unchanged
break_year_v5_6_2/validation/synthetic_data/SR/synthetic_SR_2014_1km.tif,07_break_year_analysis/upstream/break_year_v5_6_2/validation/synthetic_data/SR/synthetic_SR_2014_1km.tif,4f877050359f5d6739910d66ea4137bef31430dd5d44a8033b93a497dc020215,4f877050359f5d6739910d66ea4137bef31430dd5d44a8033b93a497dc020215,unchanged
break_year_v5_6_2/validation/synthetic_data/SR/synthetic_SR_2015_1km.tif,07_break_year_analysis/upstream/break_year_v5_6_2/validation/synthetic_data/SR/synthetic_SR_2015_1km.tif,4925df9c7e45565d00dfaccd2e206891b5c4dcd11fe7ae8f310aeefa64f22516,4925df9c7e45565d00dfaccd2e206891b5c4dcd11fe7ae8f310aeefa64f22516,unchanged
break_year_v5_6_2/validation/synthetic_data/SR/synthetic_SR_2016_1km.tif,07_break_year_analysis/upstream/break_year_v5_6_2/validation/synthetic_data/SR/synthetic_SR_2016_1km.tif,9613ae9080d96a48aa1ac61405b76c70886bd9d47283e623109c64033ec7f205,9613ae9080d96a48aa1ac61405b76c70886bd9d47283e623109c64033ec7f205,unchanged
break_year_v5_6_2/validation/synthetic_data/SR/synthetic_SR_2017_1km.tif,07_break_year_analysis/upstream/break_year_v5_6_2/validation/synthetic_data/SR/synthetic_SR_2017_1km.tif,8d3fc164d09d80d417226c808c68d43483189138c5a7e54f020c7e30755f8048,8d3fc164d09d80d417226c808c68d43483189138c5a7e54f020c7e30755f8048,unchanged
break_year_v5_6_2/validation/synthetic_data/SR/synthetic_SR_2018_1km.tif,07_break_year_analysis/upstream/break_year_v5_6_2/validation/synthetic_data/SR/synthetic_SR_2018_1km.tif,835e48b0ba1665187901f05ecd25ab620ca3b9d8fec7186fe5c3083ae6cfcdcf,835e48b0ba1665187901f05ecd25ab620ca3b9d8fec7186fe5c3083ae6cfcdcf,unchanged
break_year_v5_6_2/validation/synthetic_data/SR/synthetic_SR_2019_1km.tif,07_break_year_analysis/upstream/break_year_v5_6_2/validation/synthetic_data/SR/synthetic_SR_2019_1km.tif,6eaf83e17ba72f6b2da4e32139a6fbede79ac5beca1bab3928d63560fd942637,6eaf83e17ba72f6b2da4e32139a6fbede79ac5beca1bab3928d63560fd942637,unchanged
break_year_v5_6_2/validation/synthetic_data/SR/synthetic_SR_2020_1km.tif,07_break_year_analysis/upstream/break_year_v5_6_2/validation/synthetic_data/SR/synthetic_SR_2020_1km.tif,d63ed2a0595935e4944a58f7bc9c78ea67dde426888fb9aa6761581cce6bac08,d63ed2a0595935e4944a58f7bc9c78ea67dde426888fb9aa6761581cce6bac08,unchanged
break_year_v5_6_2/validation/synthetic_data/Shannon/synthetic_Shannon_2001_1km.tif,07_break_year_analysis/upstream/break_year_v5_6_2/validation/synthetic_data/Shannon/synthetic_Shannon_2001_1km.tif,0a5792d6e66ad98b28d9bd9c0678470a047f150e640d0c5ad201caf7d59b5b66,0a5792d6e66ad98b28d9bd9c0678470a047f150e640d0c5ad201caf7d59b5b66,unchanged
break_year_v5_6_2/validation/synthetic_data/Shannon/synthetic_Shannon_2002_1km.tif,07_break_year_analysis/upstream/break_year_v5_6_2/validation/synthetic_data/Shannon/synthetic_Shannon_2002_1km.tif,550bc69b8d1013aa4b071b79934632b97c1afee90a2ac7a6e970d08b7bbe9a4d,550bc69b8d1013aa4b071b79934632b97c1afee90a2ac7a6e970d08b7bbe9a4d,unchanged
break_year_v5_6_2/validation/synthetic_data/Shannon/synthetic_Shannon_2003_1km.tif,07_break_year_analysis/upstream/break_year_v5_6_2/validation/synthetic_data/Shannon/synthetic_Shannon_2003_1km.tif,c082d0928aa4cebc99ef87658d95a661aa2574e919de74066fc3a148de040ff6,c082d0928aa4cebc99ef87658d95a661aa2574e919de74066fc3a148de040ff6,unchanged
break_year_v5_6_2/validation/synthetic_data/Shannon/synthetic_Shannon_2004_1km.tif,07_break_year_analysis/upstream/break_year_v5_6_2/validation/synthetic_data/Shannon/synthetic_Shannon_2004_1km.tif,79c5f931858ec65bff29cb873f76812b8d86bad4ac66ee0ac2a05da6b206a1f9,79c5f931858ec65bff29cb873f76812b8d86bad4ac66ee0ac2a05da6b206a1f9,unchanged
break_year_v5_6_2/validation/synthetic_data/Shannon/synthetic_Shannon_2005_1km.tif,07_break_year_analysis/upstream/break_year_v5_6_2/validation/synthetic_data/Shannon/synthetic_Shannon_2005_1km.tif,db4188580843499331854684df6dba607f83b7a96ea24c58f25a3e8d4ed8f637,db4188580843499331854684df6dba607f83b7a96ea24c58f25a3e8d4ed8f637,unchanged
break_year_v5_6_2/validation/synthetic_data/Shannon/synthetic_Shannon_2006_1km.tif,07_break_year_analysis/upstream/break_year_v5_6_2/validation/synthetic_data/Shannon/synthetic_Shannon_2006_1km.tif,c6ee36217e6e5fcfb521fb91b9ae1c188751a97adddf0a4eac390c7909efe69d,c6ee36217e6e5fcfb521fb91b9ae1c188751a97adddf0a4eac390c7909efe69d,unchanged
break_year_v5_6_2/validation/synthetic_data/Shannon/synthetic_Shannon_2007_1km.tif,07_break_year_analysis/upstream/break_year_v5_6_2/validation/synthetic_data/Shannon/synthetic_Shannon_2007_1km.tif,ba197150db492b28e5a761c176ed1875e71321c33ec77e06db2b38c0db82fdf5,ba197150db492b28e5a761c176ed1875e71321c33ec77e06db2b38c0db82fdf5,unchanged
break_year_v5_6_2/validation/synthetic_data/Shannon/synthetic_Shannon_2008_1km.tif,07_break_year_analysis/upstream/break_year_v5_6_2/validation/synthetic_data/Shannon/synthetic_Shannon_2008_1km.tif,55889faa5a42c0fc21e686621093dda9aaa72700c4253a3d2504ef5ca828d0c9,55889faa5a42c0fc21e686621093dda9aaa72700c4253a3d2504ef5ca828d0c9,unchanged
break_year_v5_6_2/validation/synthetic_data/Shannon/synthetic_Shannon_2009_1km.tif,07_break_year_analysis/upstream/break_year_v5_6_2/validation/synthetic_data/Shannon/synthetic_Shannon_2009_1km.tif,cd4e9b51d693f662be95900c15a65173e73eab06a21ff9bc00859a3d8f62a5af,cd4e9b51d693f662be95900c15a65173e73eab06a21ff9bc00859a3d8f62a5af,unchanged
break_year_v5_6_2/validation/synthetic_data/Shannon/synthetic_Shannon_2010_1km.tif,07_break_year_analysis/upstream/break_year_v5_6_2/validation/synthetic_data/Shannon/synthetic_Shannon_2010_1km.tif,1a461e6ecd027b30032c95c0c69e452854811b237061ebd376d6300eac05a005,1a461e6ecd027b30032c95c0c69e452854811b237061ebd376d6300eac05a005,unchanged
break_year_v5_6_2/validation/synthetic_data/Shannon/synthetic_Shannon_2011_1km.tif,07_break_year_analysis/upstream/break_year_v5_6_2/validation/synthetic_data/Shannon/synthetic_Shannon_2011_1km.tif,60a359a1f069448b6c9f93e818ec804c60b87f649b47b5086b28a47c83af0759,60a359a1f069448b6c9f93e818ec804c60b87f649b47b5086b28a47c83af0759,unchanged
break_year_v5_6_2/validation/synthetic_data/Shannon/synthetic_Shannon_2012_1km.tif,07_break_year_analysis/upstream/break_year_v5_6_2/validation/synthetic_data/Shannon/synthetic_Shannon_2012_1km.tif,fc85a11e2dadc2485489605f8d1d4f3b14e035d72cc990932800fdb0e98aad84,fc85a11e2dadc2485489605f8d1d4f3b14e035d72cc990932800fdb0e98aad84,unchanged
break_year_v5_6_2/validation/synthetic_data/Shannon/synthetic_Shannon_2013_1km.tif,07_break_year_analysis/upstream/break_year_v5_6_2/validation/synthetic_data/Shannon/synthetic_Shannon_2013_1km.tif,9287c9a8f30afbf38aada8df4983ef995daae6c43ad463562107bfffb88190f7,9287c9a8f30afbf38aada8df4983ef995daae6c43ad463562107bfffb88190f7,unchanged
break_year_v5_6_2/validation/synthetic_data/Shannon/synthetic_Shannon_2014_1km.tif,07_break_year_analysis/upstream/break_year_v5_6_2/validation/synthetic_data/Shannon/synthetic_Shannon_2014_1km.tif,e93dbc521694049ea5fe4709a88682058fac13f636d271655efd58ad117c4def,e93dbc521694049ea5fe4709a88682058fac13f636d271655efd58ad117c4def,unchanged
break_year_v5_6_2/validation/synthetic_data/Shannon/synthetic_Shannon_2015_1km.tif,07_break_year_analysis/upstream/break_year_v5_6_2/validation/synthetic_data/Shannon/synthetic_Shannon_2015_1km.tif,78e77c87547e4d2a4d8d66d47355239e72d43b3335f7491a89f1ffafe4c3c30f,78e77c87547e4d2a4d8d66d47355239e72d43b3335f7491a89f1ffafe4c3c30f,unchanged
break_year_v5_6_2/validation/synthetic_data/Shannon/synthetic_Shannon_2016_1km.tif,07_break_year_analysis/upstream/break_year_v5_6_2/validation/synthetic_data/Shannon/synthetic_Shannon_2016_1km.tif,51c31ec488aaa95dd982a6ae44a23b49d2fdf932243bbdeae818ca3d4b8e1f94,51c31ec488aaa95dd982a6ae44a23b49d2fdf932243bbdeae818ca3d4b8e1f94,unchanged
break_year_v5_6_2/validation/synthetic_data/Shannon/synthetic_Shannon_2017_1km.tif,07_break_year_analysis/upstream/break_year_v5_6_2/validation/synthetic_data/Shannon/synthetic_Shannon_2017_1km.tif,97689826e0bf63272272d16ff8c10e292e49116e4bb1092708f36e171153f483,97689826e0bf63272272d16ff8c10e292e49116e4bb1092708f36e171153f483,unchanged
break_year_v5_6_2/validation/synthetic_data/Shannon/synthetic_Shannon_2018_1km.tif,07_break_year_analysis/upstream/break_year_v5_6_2/validation/synthetic_data/Shannon/synthetic_Shannon_2018_1km.tif,c1897c7ec08d2ffae86a953641305d2281ed2f94c68740399f8b4797d1f17941,c1897c7ec08d2ffae86a953641305d2281ed2f94c68740399f8b4797d1f17941,unchanged
break_year_v5_6_2/validation/synthetic_data/Shannon/synthetic_Shannon_2019_1km.tif,07_break_year_analysis/upstream/break_year_v5_6_2/validation/synthetic_data/Shannon/synthetic_Shannon_2019_1km.tif,1cdfbd4d9ea18a96f63b276502487838707c64badca62049921532d49628505d,1cdfbd4d9ea18a96f63b276502487838707c64badca62049921532d49628505d,unchanged
break_year_v5_6_2/validation/synthetic_data/Shannon/synthetic_Shannon_2020_1km.tif,07_break_year_analysis/upstream/break_year_v5_6_2/validation/synthetic_data/Shannon/synthetic_Shannon_2020_1km.tif,cf33b08e37fef88e25f9d77dd991e8e5846a968bcae446c6565ce468cc82c524,cf33b08e37fef88e25f9d77dd991e8e5846a968bcae446c6565ce468cc82c524,unchanged
break_year_v5_6_2/validation/synthetic_data/regions/synthetic_regions.cpg,07_break_year_analysis/upstream/break_year_v5_6_2/validation/synthetic_data/regions/synthetic_regions.cpg,3ad3031f5503a4404af825262ee8232cc04d4ea6683d42c5dd0a2f2a27ac9824,3ad3031f5503a4404af825262ee8232cc04d4ea6683d42c5dd0a2f2a27ac9824,unchanged
break_year_v5_6_2/validation/synthetic_data/regions/synthetic_regions.dbf,07_break_year_analysis/upstream/break_year_v5_6_2/validation/synthetic_data/regions/synthetic_regions.dbf,b08d230736dca41de7c8133c7a352900dd680336e9384b053ce4d3ab0a2448ee,b08d230736dca41de7c8133c7a352900dd680336e9384b053ce4d3ab0a2448ee,unchanged
break_year_v5_6_2/validation/synthetic_data/regions/synthetic_regions.prj,07_break_year_analysis/upstream/break_year_v5_6_2/validation/synthetic_data/regions/synthetic_regions.prj,f2e7fb14d55bdd8d6a3bc2c272a48729d8f9d0ad72936e20eae6a9a81c2fccd0,f2e7fb14d55bdd8d6a3bc2c272a48729d8f9d0ad72936e20eae6a9a81c2fccd0,unchanged
break_year_v5_6_2/validation/synthetic_data/regions/synthetic_regions.shp,07_break_year_analysis/upstream/break_year_v5_6_2/validation/synthetic_data/regions/synthetic_regions.shp,a8947bcd26b667017b8a5f9f33c1100ec25660a360d52da8d7f0fcd8254e7708,a8947bcd26b667017b8a5f9f33c1100ec25660a360d52da8d7f0fcd8254e7708,unchanged
break_year_v5_6_2/validation/synthetic_data/regions/synthetic_regions.shx,07_break_year_analysis/upstream/break_year_v5_6_2/validation/synthetic_data/regions/synthetic_regions.shx,36a0ba2ce2cba93dc67c7d84cacf7e1c65f68457f841bef3b7b606734d72d1df,36a0ba2ce2cba93dc67c7d84cacf7e1c65f68457f841bef3b7b606734d72d1df,unchanged
break_year_v5_6_2/validation/synthetic_data/synthetic_classes.csv,07_break_year_analysis/upstream/break_year_v5_6_2/validation/synthetic_data/synthetic_classes.csv,304b48cee3023d414ddf418f73c8d7b3e699476e8e4015ccb10262b7c4db2ff3,304b48cee3023d414ddf418f73c8d7b3e699476e8e4015ccb10262b7c4db2ff3,unchanged
break_year_v5_6_2/validation/synthetic_data/synthetic_manifest.csv,07_break_year_analysis/upstream/break_year_v5_6_2/validation/synthetic_data/synthetic_manifest.csv,d74343100f96873f66c4835ae0ad100084e555c80228f895b27643f682b36e91,d74343100f96873f66c4835ae0ad100084e555c80228f895b27643f682b36e91,unchanged
break_year_v5_6_2/validation/synthetic_data/synthetic_metadata.json,07_break_year_analysis/upstream/break_year_v5_6_2/validation/synthetic_data/synthetic_metadata.json,77982ff3316003c233832899588eb3372b5dacdcd30b87de18535e9c7ea26055,77982ff3316003c233832899588eb3372b5dacdcd30b87de18535e9c7ea26055,unchanged
break_year_v5_6_2/validation/synthetic_data/synthetic_region_id.tif,07_break_year_analysis/upstream/break_year_v5_6_2/validation/synthetic_data/synthetic_region_id.tif,5e826b8b60ca2ba9227c2b8f90361135f9998f69df7feb3c983fbe23250540af,5e826b8b60ca2ba9227c2b8f90361135f9998f69df7feb3c983fbe23250540af,unchanged
break_year_v5_6_2/validation/synthetic_data/synthetic_spec_resolved.yml,07_break_year_analysis/upstream/break_year_v5_6_2/validation/synthetic_data/synthetic_spec_resolved.yml,855fdb1e6b05ef0710e74c1704c0d9a88a77e54b8cb13dafb48cb23965177bf3,855fdb1e6b05ef0710e74c1704c0d9a88a77e54b8cb13dafb48cb23965177bf3,unchanged
break_year_v5_6_2/validation/synthetic_data/synthetic_truth.csv,07_break_year_analysis/upstream/break_year_v5_6_2/validation/synthetic_data/synthetic_truth.csv,4855c87d6ded419c93b9af7cc4376abb7119d2ba7380d99d5820a94ee6c4d795,4855c87d6ded419c93b9af7cc4376abb7119d2ba7380d99d5820a94ee6c4d795,unchanged
break_year_v5_6_2/validation/synthetic_data/synthetic_truth_class.tif,07_break_year_analysis/upstream/break_year_v5_6_2/validation/synthetic_data/synthetic_truth_class.tif,d135350dad7cfc27f278991441d65c05a2052b086ffed7ba157781ea9b5d2bb9,d135350dad7cfc27f278991441d65c05a2052b086ffed7ba157781ea9b5d2bb9,unchanged
break_year_v5_6_2/validation/synthetic_e2e.R,07_break_year_analysis/upstream/break_year_v5_6_2/validation/synthetic_e2e.R,7d74ef2934b02e40543c024eedfa97875bd13e201e68f5ee074d0d80a31a2713,7d9e6dba327f40ec75e2074c939349206498316a78ef32b31d62cc55cda9d367,modified_for_figure_free_release
break_year_v5_6_2/validation/synthetic_reference_test.py,07_break_year_analysis/upstream/break_year_v5_6_2/validation/synthetic_reference_test.py,a749bef209f9ca4750acf992be5dc902ea917afc80e6abc15281b2152dfb4dec,a749bef209f9ca4750acf992be5dc902ea917afc80e6abc15281b2152dfb4dec,unchanged
break_year_v5_6_2/validation/synthetic_spec.yml,07_break_year_analysis/upstream/break_year_v5_6_2/validation/synthetic_spec.yml,855fdb1e6b05ef0710e74c1704c0d9a88a77e54b8cb13dafb48cb23965177bf3,855fdb1e6b05ef0710e74c1704c0d9a88a77e54b8cb13dafb48cb23965177bf3,unchanged
break_year_v5_6_2/validation/unit_tests.R,07_break_year_analysis/upstream/break_year_v5_6_2/validation/unit_tests.R,763c2f512625aa2aa5e1a725ce3750a646866c86213ac9aaf92c61528e52c612,7c1dc73f22a36bc46da3747a343d57b0bbff1b924b6824ab54e31ce970fa9777,modified: FEM 1.6.9 analysis-only packaging; historical workflow or metadata cleanup
break_year_v5_6_2/validation/warning_regression.R,07_break_year_analysis/upstream/break_year_v5_6_2/validation/warning_regression.R,0d5944142d0dbfb0013e7d95017d0ab211c96e86f8773ccd6e4a8566799ceea2,ef3012dcef860837987ca7e7c948cf25529dfdcfb5041dc19fbd2f6ff8fb5420,modified_for_figure_free_release
